{
    "Name": "GravityMatters",
    "DLL": "GravityMatters.dll",

    "Version": "1.0.0.1",
    "Description": "",
    "Author": "T-Bone",
    "Website": "https://github.com/ajkroeg/GravityMatters",
    "ConflictsWith": [],
    "CustomResourceTypes": [],

	"Settings": {
			"UsePlanetGravityTags": true,
			"LunarJumpOverride": 1.2,
			"MartianJumpOverride": 1.2,
			"lowgravJumpOverride": 1.2,
			"highgravJumpOverride": 0.8,
			"JumpHeatOverrideFlag": false,
			"JumpHeatOverrideMultiplier": 1.0
			},
    "Manifest": []
}