{
    "Name": "GravityMatters",
    "DLL": "GravityMatters.dll",

    "Version": "1.0.0.2",
    "Description": "",
    "Author": "T-Bone",
    "Website": "https://github.com/ajkroeg/GravityMatters",
    "ConflictsWith": [],
    "CustomResourceTypes": [],

	"Settings": {
			"UsePlanetGravityTags": true,
			"BuffWeaponRange": true,
			"BuffAllRangeBrackets": true,
			"LetGravityAffectEnergyWeps": false,
			
			"LunarJumpOverride": 1.3,
			"MartianJumpOverride": 1.15,
			"lowgravJumpOverride": 1.2,
			"highgravJumpOverride": 0.8,
			
			"LunarWeaponOverride": 50,
			"MartianWeaponOverride": 50,
			"lowgravWeaponOverride": 1.2,
			"highgravWeaponOverride": 0.8,
			
			"JumpHeatOverrideFlag": false,
			"JumpHeatOverrideMultiplier": 0.8
			},
    "Manifest": []
}